{
  "intents": [
    {
      "tag": "greetings1",
      "patterns": [
        "hi how are you?",
        "hello",
        "hi",
        "hola",
        "howdy",
        "greetings",
        "hey"
      ],
      "responses": [
        "Hello! How can I help you today?",
        "Hello :)"
      ]

    },
    {
      "tag":"greetings2",
      "patterns": [
        "how are you doing?",
        "how are you?",
        "hi how are you?",
        "hello how are you?"
      ],
      "responses": [
        "I'm fine what about you?",
        "Thanks for asking! I'm excellent. How about you?",
        "Fine, thanks. What do you got for me today?"
      ]
    },
    {
      "tag": "name",
      "patterns": [
        "what is your name?",
        "what should I call you?",
        "who are you?"
      ],
      "responses": [
        "I'm Bot and I'm here to help you out ;)"
      ]
    },
    {
      "tag": "goodbye",
      "patterns": [
        "good Bye Aapi",
        "see You later",
        "till next time",
        "meet you later"
      ],
      "responses": [
        "See you, Have a nice day :)",
        "Bye,Come back soon! ",
        "Thanks For Asking! "
      ]
    },
    {
      "tag": "noans",
      "patterns": [
        "why",
        "how",
        "when",
        "I",
        "you"
      ],
      "responses": [
        "Hey there!, I'm still learning stuff can you please elaborate it?",
        "You know, according to my lawyer, I don't have to answer that."
      ]
    }
  ]
}
